<?xml version='1.0' encoding='utf-8'?>
<!DOCTYPE hibernate-configuration PUBLIC
        "-//Hibernate/Hibernate Configuration DTD//EN"
        "http://www.hibernate.org/dtd/hibernate-configuration-3.0.dtd">
        
<hibernate-configuration>

    <session-factory>

        <!-- Database connection settings -->
        <property name="connection.driver_class">org.hsqldb.jdbcDriver</property>
        <property name="connection.url">jdbc:hsqldb:hsql://localhost/POS</property>
        <property name="connection.username">sa</property>
        <property name="connection.password"></property>

        <!-- JDBC connection pool (use the built-in) -->
        <property name="connection.pool_size">1</property>

        <!-- SQL dialect -->
        <property name="dialect">org.hibernate.dialect.HSQLDialect</property>

        <!-- Echo all executed SQL to stdout -->
        <property name="show_sql">false</property>
        <property name="hibernate.current_session_context_class">thread</property>
        

        <mapping package="ee.ut.tvt.hibernateDemo.model"/>
        <mapping class="ee.ut.tvt.hibernateDemo.model.Student"/>
        <mapping class="ee.ut.tvt.hibernateDemo.model.Course"/>
        <mapping class="ee.ut.tvt.hibernateDemo.model.Lecturer"/>
        <mapping class="ee.ut.tvt.hibernateDemo.model.Speciality"/>

    </session-factory>

</hibernate-configuration>